BBC,-
BBC Radio 1,http://a.files.bbci.co.uk/media/live/manifesto/audio/simulcast/hls/nonuk/sbr_low/ak/bbc_radio_one.m3u8
BBC Radio 1Xtra,http://a.files.bbci.co.uk/media/live/manifesto/audio/simulcast/hls/nonuk/sbr_low/ak/bbc_1xtra.m3u8
BBC Radio 1 Dance,http://a.files.bbci.co.uk/media/live/manifesto/audio/simulcast/hls/nonuk/sbr_low/ak/bbc_radio_one_dance.m3u8
BBC Radio 1 Relax,http://a.files.bbci.co.uk/media/live/manifesto/audio/simulcast/hls/nonuk/sbr_low/ak/bbc_radio_one_relax.m3u8
BBC Radio 2,http://a.files.bbci.co.uk/media/live/manifesto/audio/simulcast/hls/nonuk/sbr_low/ak/bbc_radio_two.m3u8
BBC Radio 3,http://a.files.bbci.co.uk/media/live/manifesto/audio/simulcast/hls/nonuk/sbr_low/ak/bbc_radio_three.m3u8
BBC Radio 4,http://a.files.bbci.co.uk/media/live/manifesto/audio/simulcast/hls/nonuk/sbr_low/ak/bbc_radio_fourfm.m3u8
BBC Radio 5,http://a.files.bbci.co.uk/media/live/manifesto/audio/simulcast/hls/nonuk/sbr_low/ak/bbc_radio_five_live.m3u8
BBC Radio 6 Music,http://a.files.bbci.co.uk/media/live/manifesto/audio/simulcast/hls/nonuk/sbr_low/ak/bbc_6music.m3u8
BBC Radio Leeds,http://a.files.bbci.co.uk/media/live/manifesto/audio/simulcast/hls/nonuk/sbr_low/ak/bbc_radio_leeds.m3u8
BBC World Service,http://a.files.bbci.co.uk/media/live/manifesto/audio/simulcast/hls/nonuk/sbr_low/ak/bbc_world_service.m3u8
Music Best,-
Balamii,http://balamii.out.airtime.pro:8000/balamii_a
Do! You! World!,https://doyouworld.out.airtime.pro/doyouworld_a
Melodic Distraction 1,https://streamer.radio.co/s5e1f4b6b9/listen
Melodic Distraction 2,https://s5.radio.co/s71a68de15/listen
n10as,http://n10as.out.airtime.pro:8000/n10as_a
Netil Radio,https://netilradio.out.airtime.pro/netilradio_a
Noods,https://noodsradio.out.airtime.pro/noodsradio_a
NTS 1,https://stream-relay-geo.ntslive.net/stream
NTS 2,http://stream-relay-geo.ntslive.net/stream2
Radio Relativa,https://streamer.radio.co/sd6131729c/listen
Rinse FM,http://206.189.117.157:8000/stream
Rinse France,https://radio10.pro-fhi.net/live/Rinse%20France
Soho Radio,https://sohoradiomusic.doughunt.co.uk:8010/320mp3
The Lot Radio,https://playback.livepeer.studio/hls/85c28sa2o8wppm58/index.m3u8
Voices Radio,https://voicesradio.out.airtime.pro/voicesradio_a
Mode London,https://s3.radio.co/sa880e770b/listen
Soma FM,-
SomaFM: Beat Blender,https://somafm.com/beatblender130.pls
SomaFM: Deep Space One,https://somafm.com/deepspaceone130.pls
SomaFM: Digitalis,https://somafm.com/digitalis130.pls
SomaFM: Drone Zone,https://somafm.com/dronezone256.pls
SomaFM: Heavyweight Reggae,https://somafm.com/reggae256.pls
SomaFM: Lush,https://somafm.com/lush130.pls
SomaFM: Secret Agent,https://somafm.com/secretagent130.pls
SomaFM: Space Station Soma,https://somafm.com/spacestation130.pls
Ambient ,-
a.m. ambient,https://radio.stereoscenic.com/ama-h
Ambient Sleeping Pill,https://radio.stereoscenic.com/asp-h
SomaFM: Drone Zone,https://somafm.com/dronezone256.pls
NTS Field Recordings,https://stream-mixtape-geo.ntslive.net/mixtape23
The Kyoto Connection Radio,https://server.laradio.online:59009/live
TSAC 1,https://audio.wavefarm.org/tsac1.mp3
Weather Warlock,https://audio.wavefarm.org/weatherwarlock.mp3
Sleepbot Environmental Broadcast,http://sc13.shoutcaststreaming.us:8218/seb
Ambient Modern,https://s.stereoscenic.com/mod-h.pls
StillStream,https://radio.innerteapot.com:8443/stillstream
Here GOES Radiotelescope,https://audio.wavefarm.org/heregoes.mp3
Spoken,-
BBC Radio 4,https://stream.live.vc.bbcmedia.co.uk/bbc_radio_fourfm
BBC Radio 5,https://stream.live.vc.bbcmedia.co.uk/bbc_radio_five_live_online_nonuk
Radio England,https://cast2.asurahosting.com/proxy/radioengland/stream
Britcom 1,https://cast2.asurahosting.com/proxy/britcom1/stream
Britcom 2,https://cast2.asurahosting.com/proxy/britcom2/stream
Britcom 3,https://cast2.asurahosting.com/proxy/britcom3/stream
Strange Radio,https://cast2.asurahosting.com/proxy/strangeradio/stream
Venture Radio,https://cast2.asurahosting.com/proxy/ventureradio/stream
Crime Incorporated,https://cast2.asurahosting.com/proxy/crimeinc/stream
Payphone Radio Network,http://104.167.4.67:8136/stream
Radio Reloj,https://icecast.teveo.cu/b3jbfThq
World,-
Radio Seribatu,http://radioseribatu.out.airtime.pro:8000/radioseribatu_a
radio is a foreign country,https://s5.radio.co/s20251311a/listen
Radio Paradise World,http://stream.radioparadise.com/eclectic-flac
Reggae,-
Alpha Boys School Radio,https://alphaboys-live.streamguys1.com/alphaboys.mp3
SomaFM: Heavyweight Reggae,https://somafm.com/reggae256.pls
NTS Island Time,https://stream-mixtape-geo.ntslive.net/mixtape21
Dr Dick's Dub Shack,http://streamer.radio.co/s0635c8b0d/listen
Jazz,-
NTS Expansions,https://stream-mixtape-geo.ntslive.net/mixtape3
Shonan Beach FM,http://shonanbeachfm.out.airtime.pro:8000/shonanbeachfm_a
Naim Jazz (FLAC),http://mscp3.live-streams.nl:8340/jazz-flac.flac
Jazz 24,https://prod-3-93-57-141.wostreaming.net/ppm-jazz24aac-hlsc1.m3u8
Adroit Jazz Underground,https://icecast.walmradio.com:8443/jazz_opus
Classical,-
BBC Radio 3,http://stream.live.vc.bbcmedia.co.uk/bbc_radio_three
Naim Classical (FLAC),http://mscp3.live-streams.nl:8250/class-flac.flac
Venice Classic Radio 1 (Auditorium),https://uk2.streamingpulse.com/ssl/vcr1
Venice Classic Radio 2 (Live),https://uk2.streamingpulse.com/ssl/vcr2
Pi ano,http://stream.p-node.org/piano
NTS Extras,-
NTS 100% Hip Hop,https://stream-mixtape-geo.ntslive.net/mixtape2
NTS 4 To The Floor,https://stream-mixtape-geo.ntslive.net/mixtape5
NTS Expansions,https://stream-mixtape-geo.ntslive.net/mixtape3
NTS Feelings,https://stream-mixtape-geo.ntslive.net/mixtape27
NTS Field Recordings,https://stream-mixtape-geo.ntslive.net/mixtape23
NTS Island Time,https://stream-mixtape-geo.ntslive.net/mixtape21
NTS Memory Lane,https://stream-mixtape-geo.ntslive.net/mixtape6
NTS Poolside,https://stream-mixtape-geo.ntslive.net/mixtape4
NTS Sweat,https://stream-mixtape-geo.ntslive.net/mixtape24
NTS The Tube,https://stream-mixtape-geo.ntslive.net/mixtape26
Music Other,-
[sic]nal,https://v2202011132974131848.ultrasrv.de:8000/radio.mp3
1020 Radio,https://radio1020.out.airtime.pro/radio1020_a
17bis,https://listen.radioking.com/radio/444/stream/1754
1940s Radio,https://cast2.asurahosting.com/proxy/1940sradio/stream
20 ft,https://c18.radioboss.fm:18146/stream
8 Ball Radio,https://eightball.out.airtime.pro/eightball_a
8K.NZ,https://radio8k.out.airtime.pro/radio8k_b
Alefamusic,https://listen.radioking.com/radio/20/stream/635
Ancient FM,https://mediaserv73.live-streams.nl:18058/stream
Arctic Outpost Radio AM1270,https://radio.streemlion.com:3475/stream
BaGEL Radio,https://ais-sa3.cdnstream1.com/2606_128.aac
Bangkok Community Radio,https://listen.radioking.com/radio/437057/stream/491105
BFF FM,https://ais-sa2.cdnstream1.com/2053_128.mp3
Bloop 1,https://radio.canstream.co.uk:8058/live.mp3
Bloop 2,https://radio.canstream.co.uk:8058/live4.mp3
Boogaloo Radio,https://streams.radio.co/sb88c742f0/listen
Cafe Del Mar,https://streams.radio.co/se1a320b47/listen
Cashmere Radio,https://cashmereradio.out.airtime.pro/cashmereradio_a
Chillsky,https://lfhh.radioca.st/stream
Cinemix,https://kathy.torontocast.com:1825/stream
Classic Vinyl,https://icecast.walmradio.com:8443/classic_opus
Coleccion Gladys Palmera,https://streams.radio.co/s496c4d2e8/listen
Cosmic Fuzz FM,https://26383.live.streamtheworld.com/SAM04AAC335.mp3
Deep House Radio,https://deephouseradio.radioca.st/;?1643100301657
DKFM Shoegaze Radio,https://kathy.torontocast.com:2005/stream
Downtuned Radio,http://195.242.237.14:8020/stream?1683046796592
Dream Chimney,https://www.dreamchimney.com/radio/stream
dublab,https://dublab.out.airtime.pro/dublab_a
dublab bcn,https://dublabbcn.out.airtime.pro:8000/dublabbcn_a
dublab de,https://dublabde.out.airtime.pro:8000/dublabde_a
Dublin Digital Radio,https://dublindigitalradio.out.airtime.pro/dublindigitalradio_a
Echoes of Bluemars,http://streams.echoesofbluemars.org:8000/bluemars.m3u
Echoes of Bluemars - Cryosleep,http://streams.echoesofbluemars.org:8000/cryosleep.m3u
Echoes of Bluemars – Voices from Within,http://streams.echoesofbluemars.org:8000/voicesfromwithin.m3u
eh fm,https://ehfm.out.airtime.pro/ehfm_a
El Fogon,https://masstreaming.online/8196/stream
EOS Radio,https://s5.radio.co/s21c5fbf27/listen?i1621002467060
Fade Radio,https://n06.radiojar.com/072mdmpbfq8uv?rj-ttl=5&amp;rj-tok=AAABeRVWyh0AOAJCuhiHfyoX-
Fauve Radio,https://streamer.radio.co/sde68d7e6b/listen
Foundation FM,https://streamer.radio.co/s0628bdd53/listen
Gyusyabu,http://gyusyabu.ddo.jp:8000/
Half Moon Radio,https://s3.radio.co/s6f093248d/listen
HKCR -Hong Kong Community Radio,https://hkcr.live/audio/index.m3u8
Hope Street Radio,http://hopestreetradio.out.airtime.pro:8000/hopestreetradio_a
Hotel Radio Paris,https://radio2.pro-fhi.net/listen-adnnewgo-stream.mp3
Hoxton Radio,http://99.198.118.250:8014/stream
IDA Raadio,https://streams.radio.co/s053b51423/listen
Instrumental Hits,https://panel.retrolandigital.com/listen/instrumental_hits_radio/listen
It’s Not Radio,https://streaming.radio.co/sdd2867a26/listen
Kiosk Radio,https://kioskradiobxl.out.airtime.pro/kioskradiobxl_b
kpiss,https://ais-edge105-live365-dal02.cdnstream.com/a18444
Latin Fresh,https://streamer.radio.co/s00c7ec6fa/listen
Le Mellotron,https://listen.radioking.com/radio/477719/stream/534044
Loose Antenna,https://stream.looseantenna.fm/radio/8000/default.mp3?1596540873
Lower Grand Radio,https://lowergrandradio.out.airtime.pro:8000/lowergrandradio_a
Lowertone,https://s4.radio.co/s1956b7bd4/listen
luxuriamusic,https://ice10.securenetsystems.net/LUXOMP3
LYL Radio,https://icecast.lyl.live/live
Melodic Distraction,https://streamer.radio.co/s5e1f4b6b9/listen
Method Radio,https://listen.mixlr.com/ae098ed18894685a89f78e365c269de5
Movement Radio 1,https://movementathens.out.airtime.pro/movementathens_a?_ga=2.221863196.549192854.1604689934-1315503358.1602963392
Movement Radio 2,https://movementathens2.out.airtime.pro/movementathens2_a?_ga=2.158636346.1472607981.1624423442-919228124.1624423442
NARR Radio,https://s4.radio.co/s695e0d95b/listen
Ness Radio,http://radio.nessradio.net:8000/nessradio.mp3
nettnettradio,https://radio.mensajito.mx/nettnettradio
NME1,https://listen-nme.sharp-stream.com/nme1.mp3
NME2,https://listen-nme.sharp-stream.com/nme2.mp3
No Signal,https://ns1.out.airtime.pro/ns1_a
Nonstop Casiopea - Fusion Radio,http://hyades.shoutca.st:8551
Nordic Lodge,https://larry.torontocast.com:2260/stream
Ola Radio,https://listen.radioking.com/radio/190519/stream/232750
Old Time Radio,https://icecast.walmradio.com:8443/otr_opus
Operator Radio,http://streamnerd.nl:8000/operator
Palanga Street Radio,https://stream.palanga.live:8443/palanga128.mp3
Particle.fm,https://azuracast.particle.fm/radio/8000/radio.mp3
Piñata Radio,https://listen.radioking.com/radio/96031/stream/134656
Platform B,https://edge-audio-06-thn.sharp-stream.com/platformb.mp3
Quarantine FM,https://radio.quarantine.fm/radio/8000/radio.mp3
Radio 80000,https://radio80k.out.airtime.pro/radio80k_a
Radio Alhara,https://n0d.radiojar.com/78cxy6wkxtzuv?1621609170=&amp;rj-tok=AAABeY95fUUAIdwrdTdoryPgTw&amp;rj-ttl=5
Radio Buena Vida,https://s4.radio.co/s69b281ac0/listen
Radio CASo,http://stream.radiojar.com/mv4vyxmmx4zuv.m3u
Radio Centraal,http://streams.movemedia.eu:8530
Radio Cosmica Libre,https://mensajito.mx/d59579be728b
Radio DY10,https://flux.radiody10.com/airtime_128
Radio Flouka,https://flouka.out.airtime.pro/flouka_a
Radio Free Brooklyn,http://192.111.140.6:9300/stream
Radio Free Brooklyn 2,http://159.203.70.187:9736/stream
Radio Gladys Palmera,https://streamer.radio.co/sb28a7fb81/listen
Radio Meuh,https://radiomeuh2.ice.infomaniak.ch/radiomeuh2-128.mp3
Radio Nopal,https://radio.mensajito.mx/nopalradio
Radio Paradise Main,http://stream.radioparadise.com/flac
Radio Paradise Mellow,http://stream.radioparadise.com/mellow-flac
Radio Paradise Rock,http://stream.radioparadise.com/rock-flac
Radio Paradise World,http://stream.radioparadise.com/eclectic-flac
Radio Primavera Sound,https://streamer.radio.co/s23e62020a/listen
Radio Quantica,https://stream.radioquantica.com:8443/stream
Radio Tsonami,http://rr.radiotsonami.org:8000/radio_tsonami
Radio Urubamba 90.9,https://stream-42.zeno.fm/m0v0cknsbg8uv?zs=dL1paSrhRBK4v4zL6KECnw&rj-ttl=5&rj-tok=AAABdxEtvWYA2rm5m0D82-IyAw
Radius,https://partneraudio.wavefarm.org/radius.mp3
Ragga Kings,https://raggakings.radio:8443/stream.ogg
Rainwave.cc,https://relay.rainwave.cc:443/all.ogg
Refuge Worldwide,https://streaming.radio.co/s3699c5e49/listen
Release Radio,https://stream.releaseradio.net/stream.mp3
Reprezent Radio,https://radio.canstream.co.uk:8022/live.mp3
Res.Radio,https://edge.mixlr.com/channel/zwtuo
Resonance Extra,https://stream.resonance.fm/resonance-extra
Resonance FM,https://stream.resonance.fm/resonance
Retreat Radio,https://retreatradio.out.airtime.pro/retreatradio_b
Retro Soul Radio,https://stream.galaxywebsolutions.com/proxy/retrosoul?mp=/stream
Rocket Radio,https://n03.radiojar.com/nvvyes7gud5tv
Root Radio,https://n05.radiojar.com/q1mgvh4u4yzuv?rj-ttl=5&amp;rj-tok=AAABeSOh2iwAfGVSIdDKVRPgFw
RTRFM,https://live.rtrfm.com.au/stream1
Secret Life,https://secretlife.out.airtime.pro/secretlife_a
Shirley & Spinoza Radio,http://s2.radio.co:80/sec5fa6199/listen
Skylab Radio,https://stream.skylab-radio.com/live
Spark Sunderland,https://radio.canstream.co.uk:8101/live.mp3
Standing Wave Radio,https://audio.wavefarm.org/transmissionarts.mp3.m3u
Subcity Radio,https://s5.radio.co/scc32b7ade/listen
SWU FM,https://s5.radio.co/scfd7343ad/listen
The Lake Radio,http://hyades.shoutca.st:8627
The Obelisk,https://radio.theobelisk.net:8443/thepodilisk
Threads Radio,https://threads.out.airtime.pro/threads_a
Threads Radio,https://threads.out.airtime.pro/threads_a
ThreeDRadio,https://sounds.threedradio.com/stream
Threshold FM,https://s2.radio.co/sdf9aeb4e9/listen
Tīrkultūra,https://s3.radio.co/s216811754/listen
Tsubaki FM,https://edge.mixlr.com/channel/vgmet
UKNR,http://uknr.org:8000/
VPN,https://streaming.radio.co/s9f2323f0d/listen
WEFUNK Radio,https://s-00.wefunkradio.com:8443/wefunk64.mp3
WFMU,http://stream0.wfmu.org/freeform-128k.mp3
WGXC,https://audio.wavefarm.org/wgxc.mp3
WGXC,https://audio.wavefarm.org/wgxc.mp3
WNYC,https://fm939.wnyc.org/wnycfm
Worldwide FM,https://worldwidefm.out.airtime.pro:8000/worldwidefm_b
FLAC,-
60 North Radio,http://r5.zetcast.net/flac
95bFM,http://streams.95bfm.com/stream112
BailRigg 95.3FM,https://bfm-stream.lancs.ac.uk/flac
Budapest Rock Radio,https://s2.audiostream.hu/bdpstrock_FLAC.m3u
Chill In Zone Plus,https://chillout.zone/chillin_plus
Chill Out Zone Plus,https://chillout.zone/chillout_plus
Chiru,https://chiru.no/stream.flac
City Radio,http://cityradio.ddns.net:8000/cityradio48flac
Danubius Radio,https://danubiusradio.hu/danubius_HiFi.m3u
Easy Radio,https://easyradio.bg/m3u/easyradio.bg-flac.m3u
ForEver LaRadio - Arcachon,http://stream.sweetfm.fr:8000/flac-forever-arc
Frequence 3,http://hd.stream.frequence3.net/frequence3.flac
Frequence 3 Dance,https://frequence3.net-radio.fr/frequence3dance.flac
Frequence 3 Gold,http://ice1.ikoula.net-radio.fr:80/frequence3gold.flac
Frequence 3 Urban,http://ice1.ikoula.net-radio.fr/frequence3urban.flac
Frequence 3 World,https://frequence3.net-radio.fr/frequence3world.flac
H2O Radio,http://ice2.ikoula.net-radio.fr/h2oradio.flac
Hard Dance Radio - Dance,http://harddanceradio.ddns.is74.ru:9000/dance.ogg
Hard Dance Radio - Eurodance,http://harddanceradio.ddns.is74.ru:9000/eurodance.ogg
Hard Dance Radio - Eurodisco,http://harddanceradio.ddns.is74.ru:9000/eurodisco.ogg
Hard Dance Radio - Happy Hardcore,http://harddanceradio.ddns.is74.ru:9000/happyhardcore.ogg
Hard Dance Radio - Hard Dance,http://harddanceradio.ddns.is74.ru:9000/hard_dance.ogg
Hard Dance Radio - Lounge,http://harddanceradio.ddns.is74.ru:9000/lounge.ogg
Hard Dance Radio - Russian,http://harddanceradio.ddns.is74.ru:9000/russian.ogg
Hard Dance Radio - Scooter,http://harddanceradio.ddns.is74.ru:9000/scooter.ogg
Hi Online,http://mscp2.live-streams.nl:8100/flac.flac
Insanity Radio,https://stream.cor.insanityradio.com/insanity_unprocessed.flac
Intense Radio,https://secure.live-streams.nl/flac.flac
JBRadio2,https://maggie.torontocast.com:8076/flac
La Radio de la Mer,https://streaming.lamer.live/laradiodelamer-uhd.flac
La SuperSonica,http://c11.radioboss.fm:8093/stream
LapFox Radio,https://radio.lapfoxradio.com/radio/8000/stream-flac.flac
Le Son Parisien,http://stream.lesonparisien.com/live.flac
Magic Radio,http://mp3.magic-radio.net/flac
Max Radio Society - LG73,https://www.maxradio.ca/UHD/LG73/FLAC/LG73.m3u8
Max Radio Society - Max Radio,https://www.maxradio.ca/UHD/MaxRadio/FLAC/Max.m3u8
Max Radio Society - New West Rock,https://www.maxradio.ca/UHD/NewWestRock/FLAC/NewWestRock.m3u8
Max Radio Society - Uptown Radio,https://www.maxradio.ca/UHD/UptownRadio/FLAC/Uptown.m3u8
MaXXima,http://maxxima.mine.nu:8000/maxx.ogg
Mother Earth Instrumental,http://server9.streamserver24.com:18920/motherearth.instrumental
Mother Earth Klassik,http://server9.streamserver24.com:18910/motherearth.klassik
Mother Earth Radio,http://server9.streamserver24.com:18900/motherearth
Naim Radio,http://mscp3.live-streams.nl:8360/flac.flac
Naim Radio - Classical,http://mscp3.live-streams.nl:8250/class-flac.flac
Naim Radio - Jazz,http://mscp3.live-streams.nl:8340/jazz-flac.flac
Open Broadcast,http://stream.openbroadcast.org/openbroadcast.flac
OpenSky Radio,https://audio.opensky.radio:8082/flac?_res_tag_=audio
Pi-ano,http://stream.p-node.org/piano
PiratenKanon.FM,http://radio.stream-online.eu:10900/flac
Radio 2.0,https://vps.radioduepuntozero.it/stream.ogg
Radio Audiomastering,http://radio.audiomastering.lt:8000/pure
Radio Blues,http://streams.radiomast.io/radioblues-flac
Radio Calico,https://radio3.radio-calico.com:8443/calico
Radio Paradise,http://icy-8.radioparadise.com/flac
Radio Paradise - Eclectic,http://icy-6.radioparadise.com/eclectic-flac
Radio Paradise - Mellow,http://icy-6.radioparadise.com/mellow-flac
Radio Paradise - Rock,http://icy-8.radioparadise.com/rock-flac
Riverside Radio,https://stream.and-stuff.nl:8443/riverside
Rondo Klasu,http://iradio.fi:8000/klasu.flac
Rondo Klasu Pro,http://rondo.iradio.fi:8000/klasupro.flac
Sanctuary Radio - 80's Alternative,http://66.94.113.88:8000/retro_ultra_hq
Sanctuary Radio - Club Mix,http://66.94.113.88:8000/clubmix_ultra_hq
Sanctuary Radio - Dark Electro,http://66.94.113.88:8000/ultra_hq
Sector Radio - 10's,http://89.223.45.5:8000/zed-flac
Sector Radio - 80's,http://89.223.45.5:8000/geny-flac
Sector Radio - 90's,http://89.223.45.5:8000/next-flac
Sector Radio - Classical,http://89.223.45.5:8000/nota-flac
Sector Radio - Indigo,http://89.223.45.5:8000/indigo-flac
Sector Radio - Progressive,http://89.223.45.5:8000/progressive-flac
Sector Radio - Space,http://89.223.45.5:8000/space-flac
Sing Sing,http://stream.sing-sing-bis.org:8000/singsingFlac
SomaFM,https://hls.somafm.com/hls/groovesalad/FLAC/program.m3u8
Soul City FM,http://euk-85965.eukservers.com:8000/soul
Sun,http://diffusion.lafrap.fr:8000/sun.flac
Super Stereo 1 - Yacht Rock,http://198.204.228.202:8160/flac
Super Stereo 2 - 50's 60's,http://198.204.228.202:8157/flac
"Super Stereo 3 - Ballads 80's, 90's, 00's",http://198.204.228.202:8539/flac
Super Stereo 4 - 90's,http://198.204.228.202:8030/flac
Super Stereo 5 - Rock,http://198.204.228.202:8511/canal1
Super Stereo 6 - Instrumental,http://198.204.228.202:8157/flac6
Super Stereo 7 - Jazz,http://198.204.228.202:8030/flac7
The Cheese,http://thecheese.ddns.net:8004/stream
Zappa Stream Radio,https://streams.norbert.de/zappa.flac
